{
  "eeg_mean": 1.0761461721742194e-09,
  "eeg_std": 10.089075088500977,
  "src_mean": -3.8305239535851854e-10,
  "src_std": 0.2339659035205841
}