{
  "eeg_mean": -4.3373511005029286e-08,
  "eeg_std": 175.5166015625,
  "src_mean": -5.214386908369839e-11,
  "src_std": 0.2312825471162796
}